{"cameraMode":{"drawMode":0,"name":"Shaded","section":"Shading Mode"},"sceneLighting":false,"audioPlay":false,"sceneViewState":{"showFog":false,"showMaterialUpdate":false,"showSkybox":false,"showFlares":false,"showImageEffects":false,"showParticleSystems":false,"showVisualEffectGraphs":true,"m_FxEnabled":true},"in2DMode":false,"pivot":{"x":0.04389119893312454,"y":0.021754199638962747,"z":0.0012191999703645707},"rotation":{"x":0.012812311761081219,"y":0.9865941405296326,"z":-0.09649883955717087,"w":0.13099204003810883},"size":0.6502004861831665,"orthographic":false}