{"cameraMode":{"drawMode":0,"name":"Shaded","section":"Shading Mode"},"sceneLighting":false,"audioPlay":false,"sceneViewState":{"showFog":true,"showMaterialUpdate":false,"showSkybox":false,"showFlares":true,"showImageEffects":true,"showParticleSystems":true,"showVisualEffectGraphs":true,"m_FxEnabled":true},"in2DMode":false,"pivot":{"x":0.003040701150894165,"y":0.37313008308410647,"z":0.016368158161640168},"rotation":{"x":-0.005998846143484116,"y":0.019498491659760476,"z":0.00011703648488037288,"w":0.999792754650116},"size":0.5365809202194214,"orthographic":false}