{"cameraMode":{"drawMode":0,"name":"Shaded","section":"Shading Mode"},"sceneLighting":false,"audioPlay":false,"sceneViewState":{"showFog":false,"showMaterialUpdate":false,"showSkybox":false,"showFlares":false,"showImageEffects":false,"showParticleSystems":false,"showVisualEffectGraphs":true,"m_FxEnabled":true},"in2DMode":false,"pivot":{"x":0.0010254085063934327,"y":0.8789722919464111,"z":-0.09414154291152954},"rotation":{"x":0.2365344911813736,"y":0.6993691921234131,"z":-0.2670931816101074,"w":0.6193610429763794},"size":1.1327126026153565,"orthographic":false}