{"cameraMode":{"drawMode":0,"name":"Shaded","section":"Shading Mode"},"sceneLighting":false,"audioPlay":false,"sceneViewState":{"showFog":false,"showMaterialUpdate":false,"showSkybox":false,"showFlares":false,"showImageEffects":false,"showParticleSystems":false,"showVisualEffectGraphs":true,"m_FxEnabled":true},"in2DMode":false,"pivot":{"x":0.0633569061756134,"y":0.8281736969947815,"z":-0.012798309326171875},"rotation":{"x":-0.08361727744340897,"y":0.8951603770256043,"z":-0.18968291580677033,"w":-0.39461034536361697},"size":0.9732850193977356,"orthographic":false}