{"cameraMode":{"drawMode":0,"name":"Shaded","section":"Shading Mode"},"sceneLighting":false,"audioPlay":false,"sceneViewState":{"showFog":true,"showMaterialUpdate":false,"showSkybox":false,"showFlares":true,"showImageEffects":true,"showParticleSystems":true,"showVisualEffectGraphs":true,"m_FxEnabled":true},"in2DMode":false,"pivot":{"x":-0.025448083877563478,"y":0.560441255569458,"z":0.5238397121429443},"rotation":{"x":-0.07393840700387955,"y":0.9125837087631226,"z":-0.1905161440372467,"w":-0.3541664183139801},"size":0.44145238399505618,"orthographic":false}