{"cameraMode":{"drawMode":0,"name":"Shaded","section":"Shading Mode"},"sceneLighting":true,"audioPlay":false,"sceneViewState":{"showFog":true,"showMaterialUpdate":false,"showSkybox":true,"showFlares":true,"showImageEffects":true,"showParticleSystems":true,"showVisualEffectGraphs":true,"m_FxEnabled":true},"in2DMode":false,"pivot":{"x":725.0918579101563,"y":255.46498107910157,"z":2.198848009109497},"rotation":{"x":-0.011994321830570698,"y":0.02999335154891014,"z":0.0003583148354664445,"w":0.9994857311248779},"size":0.5365919470787048,"orthographic":false}