{"cameraMode":{"drawMode":0,"name":"Shaded","section":"Shading Mode"},"sceneLighting":false,"audioPlay":false,"sceneViewState":{"showFog":false,"showMaterialUpdate":false,"showSkybox":false,"showFlares":false,"showImageEffects":false,"showParticleSystems":false,"showVisualEffectGraphs":true,"m_FxEnabled":true},"in2DMode":false,"pivot":{"x":0.04751690849661827,"y":0.2532986104488373,"z":0.6646218299865723},"rotation":{"x":0.00025628949515521526,"y":0.9981188774108887,"z":0.004182623699307442,"w":-0.06115999445319176},"size":0.141451895236969,"orthographic":false}